{
  "ete": [
    [
      35.6723415340322,
      32.74698489431638,
      1.6365645186542566,
      1.2047884525181212,
      3.025291205268912,
      29.936890677853043
    ],
    [
      33.34596744870807,
      31.619163656394704,
      1.496398042056288,
      1.1875760164987506,
      2.661374448114981,
      26.580350239513304
    ],
    [
      35.31906204217359,
      33.38364296243872,
      1.5237600582434467,
      1.2593106124979858,
      3.0005948124705406,
      29.388760628714792
    ],
    [
      38.64697396367231,
      34.643857589562444,
      1.5526776981707826,
      1.2451966374024186,
      3.9105869384609755,
      33.596424286103115
    ]
  ],
  "step": [
    [
      0.049147096521023725,
      0.0019380025510621298,
      0.03977514668592172,
      0.030491269303481772,
      0.009593249584643219,
      0.0019464077940419705
    ],
    [
      0.0624801400374428,
      0.049198417763700306,
      0.07482445193837858,
      0.09508151603375098,
      0.6000707264516499,
      0.012210613152529097
    ],
    [
      0.24464755100987226,
      0.09524774794679121,
      0.09425544283038167,
      0.45679727554673166,
      0.20310665926149038,
      0.014796056261390366
    ],
    [
      0.2227923005714476,
      0.13122408476673456,
      0.2230406292733052,
      0.47185274551151907,
      0.2779433778190225,
      0.05817871217113379
    ]
  ]
}